minutes,patients_ahead,waiting_room_count,staff_on_shift,severity,kiosk,room_number,front_desk_rating,month
38.7,9,9,4,minor,1,2,3,10
50.3,11,10,3,moderate,1,8,1,7
43.7,13,13,4,minor,1,9,5,4
52.8,7,8,2,moderate,1,1,2,11
42.1,10,10,4,moderate,1,6,1,4
64.1,11,11,2,minor,1,2,1,6
32.4,10,10,4,minor,1,1,2,8
67.9,10,10,3,moderate,1,9,3,6
82.0,13,13,3,minor,1,5,2,3
55.0,8,8,3,moderate,1,6,2,4
39.6,8,8,3,moderate,1,3,2,12
14.8,2,2,4,minor,0,6,1,6
100.5,13,11,3,urgent,1,3,3,3
73.5,10,10,3,moderate,1,12,2,11
63.7,6,7,3,urgent,0,8,4,7
60.1,9,7,4,moderate,1,6,3,1
36.3,7,8,4,minor,0,3,3,9
40.7,9,9,4,minor,0,4,1,8
60.0,12,12,2,minor,1,3,1,4
15.2,6,6,3,minor,0,2,5,4
37.3,2,2,3,urgent,0,4,2,11
50.5,8,9,4,urgent,1,7,4,6
57.3,6,6,2,minor,0,10,1,5
45.2,9,10,2,minor,0,7,5,11
10.1,3,3,3,minor,0,4,3,12
112.9,15,13,4,moderate,1,4,4,10
10.7,3,3,3,minor,0,7,4,9
75.6,7,7,2,urgent,0,3,1,12
53.8,9,8,4,moderate,0,1,4,2
64.5,11,10,3,urgent,0,9,1,2
46.9,5,4,2,moderate,0,11,3,3
18.5,3,4,4,minor,0,12,3,5
9.3,2,3,3,minor,0,6,2,5
26.0,2,3,2,minor,1,10,3,6
24.7,6,5,3,moderate,0,9,1,4
66.0,11,10,2,moderate,1,11,2,3
60.0,11,10,2,minor,1,10,3,8
35.8,5,7,3,moderate,0,10,5,1
57.7,13,14,3,minor,1,7,1,3
68.4,11,12,2,moderate,1,1,3,10
27.5,8,8,3,minor,1,3,2,3
60.0,10,11,4,moderate,1,7,2,8
42.9,6,6,3,moderate,0,12,5,4
82.2,11,10,2,moderate,1,3,1,6
48.6,2,1,2,moderate,0,4,1,12
77.5,17,16,3,minor,1,6,4,2
56.8,3,3,3,moderate,0,11,4,11
87.5,12,13,3,moderate,1,12,2,1
43.0,8,7,4,urgent,1,9,1,2
36.7,10,10,2,minor,1,8,3,1
27.4,7,7,3,minor,1,2,5,10
34.6,5,4,3,urgent,0,11,2,5
18.8,2,2,4,moderate,0,7,1,6
71.2,10,12,3,moderate,1,11,2,5
48.9,9,8,2,minor,1,3,4,6
56.0,11,10,3,minor,1,2,2,11
83.8,13,14,2,minor,1,5,3,11
93.8,13,11,4,urgent,1,10,1,6
52.3,5,5,4,minor,0,11,4,2
54.9,10,10,2,minor,1,3,1,2
31.5,6,6,4,minor,0,7,1,5
76.4,13,12,4,moderate,1,7,2,9
73.0,15,15,4,minor,1,8,4,11
34.1,4,5,3,moderate,1,6,5,1
51.0,11,11,3,minor,0,3,2,6
13.5,5,4,4,minor,1,10,2,4
70.2,11,10,4,moderate,1,4,1,1
38.9,4,4,2,moderate,0,6,5,1
68.4,8,8,3,urgent,1,3,2,1
49.9,9,8,3,moderate,1,5,3,1
47.7,5,5,3,minor,0,4,4,4
46.3,8,8,2,moderate,1,7,5,4
59.9,11,12,3,minor,0,11,1,1
62.8,11,11,3,minor,0,1,4,4
64.2,8,6,2,minor,1,4,4,9
48.5,6,5,3,moderate,0,7,4,12
13.8,5,3,4,moderate,1,12,2,7
36.0,3,3,3,moderate,0,4,5,9
58.1,4,4,2,urgent,0,7,2,11
5.0,2,3,3,minor,0,11,1,12
66.9,13,14,2,moderate,1,8,1,8
38.2,7,6,4,minor,1,7,3,1
56.7,7,6,3,urgent,0,9,5,7
39.1,6,7,2,minor,1,1,5,8
78.5,9,8,2,urgent,0,2,1,8
44.7,8,8,3,minor,1,3,1,12
44.5,9,8,3,minor,1,7,1,5
91.3,11,11,2,urgent,1,8,5,12
18.9,4,3,2,minor,0,12,4,4
46.8,7,7,2,minor,1,1,5,6
91.7,12,13,3,urgent,0,11,5,4
56.3,6,6,3,minor,0,6,3,2
5.0,4,4,4,minor,0,6,2,10
59.1,11,11,3,moderate,1,9,4,7
35.8,2,2,2,minor,0,10,5,7
86.1,12,12,2,minor,1,4,2,5
5.0,3,3,4,moderate,0,10,2,6
5.0,1,0,3,minor,0,1,1,11
47.1,8,7,4,minor,1,9,5,3
33.7,7,8,4,minor,0,5,2,8
51.7,11,12,3,minor,1,5,4,12
64.1,8,7,2,moderate,1,4,3,8
37.1,7,6,3,moderate,0,12,5,3
64.0,13,13,3,minor,1,2,4,5
29.7,4,4,3,moderate,1,1,4,3
56.3,6,7,2,moderate,1,9,4,11
81.3,11,11,3,urgent,1,7,5,10
52.7,11,10,2,minor,1,4,4,5
57.4,7,7,2,urgent,1,11,2,2
29.9,5,4,2,minor,1,3,2,7
56.6,10,10,4,moderate,1,4,1,8
37.2,10,10,3,minor,1,4,2,5
41.8,1,1,3,moderate,0,3,5,8
59.4,8,7,4,moderate,1,3,5,11
60.7,7,6,2,moderate,1,3,4,4
28.7,6,6,3,moderate,0,5,2,7
31.8,7,8,4,minor,0,3,5,4
46.3,5,5,3,urgent,0,6,1,10
62.9,5,5,2,urgent,1,10,2,2
5.0,4,4,4,minor,1,9,5,6
80.2,13,14,2,moderate,1,2,1,8
14.5,6,6,4,minor,1,3,2,12
65.9,9,7,2,minor,1,7,5,9
60.3,8,10,2,moderate,1,3,1,1
17.7,3,5,2,minor,0,2,1,9
48.2,5,5,3,moderate,0,7,4,3
27.2,3,3,3,minor,0,9,5,5
30.9,6,6,2,minor,0,6,3,4
35.0,9,9,3,minor,1,2,3,10
45.4,4,3,4,urgent,0,9,4,2
15.0,5,5,4,minor,1,5,3,9
91.4,13,14,2,minor,0,4,5,11
46.6,10,11,3,moderate,1,8,2,8
47.9,10,8,4,minor,0,9,2,11
43.5,5,4,2,moderate,1,9,4,4
106.0,14,13,3,urgent,1,10,5,2
66.0,7,6,3,urgent,1,12,1,2
28.7,5,5,3,minor,0,5,5,1
80.2,12,12,3,minor,1,9,5,10
67.0,7,7,3,urgent,1,3,3,2
32.4,7,8,3,minor,0,10,5,7
43.5,8,9,4,minor,1,2,4,8
51.3,6,6,3,urgent,1,1,2,7
55.0,11,11,3,moderate,1,1,1,11
60.1,10,9,3,minor,1,5,1,5
53.6,12,11,4,minor,1,12,5,11
19.7,6,6,2,minor,1,5,1,3
35.9,9,9,3,minor,1,12,1,7
64.9,11,11,4,moderate,1,3,5,2
57.7,7,7,3,moderate,0,12,5,3
65.8,4,4,4,urgent,1,3,3,1
35.9,7,6,2,minor,0,7,1,8
38.7,7,8,4,minor,0,5,1,3
67.9,12,11,2,minor,1,11,3,5
51.5,10,11,4,moderate,0,5,4,12
29.7,7,6,4,minor,0,7,3,5
36.2,4,4,3,moderate,0,2,2,3
83.2,11,12,3,moderate,1,7,2,4
34.7,6,6,3,minor,0,7,5,10
54.3,5,4,3,minor,0,6,3,4
27.2,2,1,3,minor,0,4,2,2
68.6,16,16,3,minor,1,4,4,9
39.1,9,10,3,minor,1,5,2,5
83.8,9,9,3,moderate,1,3,3,2
56.3,7,8,3,urgent,0,1,4,9
67.9,9,10,4,minor,1,5,2,1
28.5,7,8,4,minor,0,2,5,10
57.8,11,11,3,moderate,1,11,5,3
41.4,5,5,3,moderate,0,10,4,7
52.8,5,6,2,urgent,1,12,4,7
36.3,5,5,3,minor,0,3,5,4
66.2,12,12,2,minor,1,4,5,2
44.8,6,7,3,moderate,1,7,5,8
62.9,12,13,4,moderate,1,11,5,10
29.9,5,5,2,moderate,0,1,4,11
39.7,7,8,4,minor,0,11,1,12
34.2,11,12,3,minor,1,10,3,8
37.0,5,6,4,moderate,0,7,1,6
36.2,5,4,2,moderate,0,5,4,10
41.7,7,7,2,moderate,1,3,3,6
69.6,9,9,3,moderate,0,9,4,10
68.9,10,11,3,moderate,1,8,3,7
23.7,7,7,4,minor,1,3,4,7
43.1,7,7,3,moderate,1,12,3,8
27.0,8,7,4,minor,0,1,2,2
46.4,7,6,3,minor,0,9,5,6
23.9,3,3,3,moderate,0,5,1,5
57.8,5,6,3,moderate,0,7,5,4
59.5,12,12,2,minor,1,5,4,5
64.8,6,4,3,urgent,0,6,1,6
5.6,4,5,2,minor,1,2,1,3
69.7,12,11,4,moderate,1,10,5,3
53.3,12,12,2,minor,1,2,5,3
33.7,6,6,2,minor,1,3,3,8
38.1,8,8,2,minor,1,12,4,2
45.9,4,5,2,minor,0,3,1,1
42.6,4,3,3,minor,0,1,3,9
69.0,13,14,2,minor,1,2,3,2
30.4,7,8,3,moderate,0,4,3,7
52.0,5,5,3,moderate,0,6,4,12
35.5,4,5,3,minor,0,7,3,10
56.2,6,7,2,moderate,0,5,4,2
37.8,4,4,4,moderate,0,10,4,11
39.0,6,4,2,minor,0,4,4,3
65.1,11,12,2,minor,1,5,1,8
46.4,8,9,3,minor,0,1,5,4
31.3,7,7,4,moderate,1,8,2,7
36.8,6,6,4,moderate,0,12,3,1
75.9,13,12,2,urgent,1,11,2,10
65.4,7,7,3,moderate,0,10,1,1
24.9,6,4,4,minor,0,12,3,9
28.9,5,5,3,minor,1,3,5,10
37.6,10,9,3,minor,0,2,2,8
20.1,2,2,3,minor,0,4,4,5
59.1,5,3,2,urgent,1,8,1,4
56.4,6,7,2,moderate,1,4,5,4
66.7,12,11,2,minor,1,11,5,7
78.6,8,7,2,urgent,0,8,4,6
83.5,14,14,2,minor,1,4,2,4
82.8,15,15,2,moderate,1,3,3,8
57.4,10,9,3,urgent,1,8,1,10
80.0,16,15,2,minor,1,11,2,8
16.6,7,8,4,minor,0,3,5,5
40.3,9,9,3,moderate,1,1,5,10
70.6,6,5,3,urgent,0,4,3,10
58.9,8,9,2,minor,0,7,4,10
81.1,8,6,3,urgent,0,2,1,7
60.2,4,4,2,urgent,0,6,5,3
62.1,11,11,4,moderate,1,11,4,2
95.0,15,15,4,moderate,0,8,3,3
67.1,10,11,2,moderate,1,10,4,11
34.3,9,10,4,minor,1,2,1,2
125.9,21,21,3,minor,1,9,1,9
31.0,2,3,3,urgent,0,6,4,3
29.8,6,5,4,minor,0,3,1,5
61.1,9,9,2,moderate,1,9,4,11
48.9,11,11,3,minor,0,4,1,11
51.8,6,7,3,moderate,1,2,4,8
66.2,14,14,4,moderate,1,4,4,3
85.1,12,12,4,moderate,1,7,3,6
34.8,9,9,4,minor,0,4,1,3
51.0,8,8,2,urgent,1,2,2,9
16.0,8,8,4,minor,1,2,4,10
51.2,9,9,4,moderate,1,2,3,3
48.6,5,5,3,moderate,0,9,1,1
81.3,8,9,2,moderate,0,12,4,2
37.6,7,8,4,moderate,1,2,1,5
42.0,2,1,3,moderate,0,4,5,5
29.5,2,1,4,minor,0,3,2,6
74.8,11,11,2,minor,1,4,1,8
51.2,7,6,2,moderate,1,1,2,3
51.0,10,9,2,minor,1,10,1,5
43.3,7,6,4,urgent,1,5,5,6
77.8,10,10,2,moderate,0,6,1,2
57.4,8,8,4,moderate,1,9,2,4
51.8,7,10,2,moderate,1,2,5,8
17.2,4,3,3,moderate,1,9,3,12
32.4,6,6,4,moderate,1,9,2,9
30.3,3,2,2,moderate,1,2,5,3
28.4,6,5,4,moderate,0,6,1,7
38.5,9,10,4,minor,1,8,5,6
39.3,7,6,3,minor,1,5,1,12
60.2,5,6,4,urgent,1,2,1,8
75.9,12,12,3,urgent,1,5,1,2
99.0,15,13,2,moderate,1,4,2,8
31.7,5,4,4,moderate,0,10,4,3
31.0,7,6,3,minor,0,11,2,11
63.6,10,10,2,minor,0,9,5,11
44.3,3,3,3,moderate,0,2,1,11
53.9,9,9,4,moderate,1,8,5,9
41.0,5,4,3,minor,0,10,4,10
45.3,9,10,3,minor,1,10,5,2
60.1,6,8,3,minor,1,5,4,3
67.3,12,13,3,moderate,1,2,2,5
17.0,4,4,4,moderate,0,5,5,6
53.1,6,6,3,moderate,0,5,5,6
22.4,3,3,4,moderate,0,12,5,9
19.4,5,6,2,minor,1,11,3,8
64.6,12,12,2,minor,1,2,4,3
41.3,8,7,4,minor,0,10,1,10
48.5,8,8,3,moderate,0,10,2,5
59.5,14,13,4,moderate,1,6,3,4
30.4,7,8,4,moderate,1,3,3,5
56.3,8,9,3,urgent,1,3,1,2
79.6,13,13,2,moderate,1,8,4,7
49.9,8,9,3,minor,0,4,5,9
36.6,9,9,4,moderate,1,8,5,9
50.7,10,11,2,moderate,1,10,4,1
115.8,19,20,3,moderate,1,7,4,3
34.9,8,8,3,minor,1,7,1,6
47.2,11,11,4,minor,0,1,3,10
89.0,9,9,2,urgent,1,11,1,3
59.5,6,6,2,moderate,1,5,4,6
47.1,6,6,4,moderate,1,2,4,9
12.9,4,5,2,minor,0,5,4,10
77.2,13,13,2,urgent,1,4,3,4
55.7,9,11,2,minor,0,7,1,1
48.5,7,6,3,moderate,1,4,5,3
82.0,13,13,2,minor,1,11,5,3
75.4,13,12,4,urgent,1,7,4,4
27.7,4,4,2,moderate,0,12,3,7
61.9,7,8,2,minor,1,6,4,8
22.5,7,7,4,minor,0,8,1,6
39.0,7,7,3,moderate,0,4,5,2
36.2,4,4,4,moderate,0,3,3,2
40.6,7,7,3,minor,1,11,1,5
50.4,11,9,3,minor,0,7,2,8
14.0,6,6,4,minor,0,5,5,3
30.4,6,7,4,minor,0,11,4,10
21.2,6,6,2,minor,1,6,4,3
82.3,10,10,2,moderate,1,11,4,7
55.9,8,5,2,minor,1,12,3,12
82.8,14,12,2,minor,1,8,1,4
56.6,9,10,3,moderate,1,4,2,6
80.9,18,18,3,minor,1,4,5,1
71.6,12,12,2,moderate,1,2,3,11
39.8,4,5,3,moderate,0,2,3,9
22.9,6,5,4,minor,0,4,3,6
50.3,13,14,3,minor,1,5,3,1
21.6,5,4,3,minor,1,11,4,4
50.4,6,6,3,moderate,0,8,2,2
24.6,4,4,2,minor,0,1,2,6
34.1,7,8,2,minor,1,9,4,11
41.5,7,9,3,moderate,1,1,2,3
29.8,3,2,3,minor,0,8,1,1
39.7,5,6,3,minor,0,3,4,12
48.7,9,9,3,minor,1,3,4,9
58.4,8,8,4,moderate,1,1,4,5
40.2,6,6,3,minor,0,8,1,10
44.7,5,5,3,minor,0,12,3,12
38.1,6,6,3,minor,1,4,3,4
63.9,12,13,3,moderate,1,2,3,1
64.7,11,11,3,minor,1,12,4,3
49.2,7,8,3,moderate,1,10,5,4
52.5,7,6,4,moderate,1,7,4,2
33.8,7,7,4,minor,0,6,4,9
85.9,15,15,2,minor,1,10,3,5
62.7,10,8,2,moderate,1,12,2,3
46.7,7,7,2,minor,1,9,1,6
49.1,5,5,3,moderate,0,4,2,2
56.6,8,8,2,moderate,0,2,3,7
59.5,6,6,3,minor,0,1,5,5
37.2,2,2,2,minor,0,10,3,3
53.1,7,8,3,urgent,1,3,3,7
21.6,8,9,4,moderate,1,5,3,2
67.7,6,6,3,moderate,0,6,1,8
73.1,12,12,2,minor,1,9,2,2
51.2,9,9,2,minor,0,3,3,7
44.7,8,7,4,moderate,1,11,1,5
106.1,16,16,4,urgent,1,10,5,10
22.8,6,6,3,minor,0,11,1,3
39.7,9,10,4,minor,1,7,2,9
65.7,7,8,3,minor,0,7,1,5
37.2,10,10,4,minor,0,10,3,7
42.9,9,10,3,urgent,0,8,5,10
69.8,12,12,3,minor,0,6,5,4
54.0,7,8,3,urgent,1,9,3,12
70.2,11,10,3,moderate,1,2,5,9
39.8,4,4,2,moderate,0,1,4,2
34.3,9,10,4,moderate,1,1,3,2
44.8,5,6,3,minor,0,9,1,4
62.2,11,11,2,minor,1,1,4,3
52.0,7,7,3,urgent,1,8,4,12
26.3,7,6,3,minor,1,5,4,1
59.9,5,5,2,moderate,0,2,4,12
56.6,8,8,2,moderate,0,11,2,7
58.1,11,11,3,moderate,0,10,1,12
39.1,4,4,2,moderate,0,2,2,11
60.2,11,10,2,minor,1,8,3,12
49.5,5,5,2,moderate,0,1,1,1
31.5,4,4,4,minor,0,6,5,2
51.8,7,8,3,urgent,1,6,4,10
45.2,6,5,3,moderate,1,1,4,2
82.7,5,5,2,urgent,0,3,4,3
37.2,8,7,3,moderate,1,5,5,2
54.4,6,6,3,urgent,1,3,3,4
69.7,8,8,2,moderate,1,10,5,11
49.7,9,8,4,urgent,1,4,2,7
30.4,3,3,3,minor,1,6,2,5
71.3,8,7,3,urgent,1,1,1,7
35.0,5,4,3,minor,1,9,1,9
26.8,9,10,3,moderate,1,12,2,2
87.1,16,15,3,moderate,1,12,5,10
41.7,5,5,2,minor,0,3,3,12
37.5,3,1,2,minor,0,1,4,11
43.6,7,7,3,moderate,0,2,2,12
45.5,8,9,3,moderate,1,2,3,7
75.0,10,9,3,moderate,1,8,4,3
5.0,3,4,3,minor,0,6,2,8
66.8,11,11,3,moderate,1,7,5,7
31.3,7,8,2,minor,1,7,1,11
58.7,4,4,3,moderate,0,7,5,1
33.3,6,6,2,minor,1,2,3,2
75.7,9,9,2,moderate,1,10,5,3
34.2,9,7,4,minor,1,4,1,8
31.5,4,2,4,moderate,0,9,2,11
47.8,10,10,3,minor,1,7,2,9
52.3,8,8,4,moderate,1,3,4,2
49.0,7,7,3,urgent,1,1,5,10
68.1,9,9,2,moderate,1,10,1,2
60.7,13,12,3,minor,1,8,2,1
51.4,8,7,3,moderate,0,8,1,1
56.5,7,7,3,moderate,0,2,1,3
61.0,8,7,4,minor,0,10,2,3
91.1,12,11,3,moderate,0,2,4,3
47.4,10,11,2,minor,0,10,2,8
52.7,8,8,3,moderate,1,11,5,9
88.1,10,10,3,urgent,0,8,5,11
5.0,4,4,4,minor,1,9,3,4
32.3,2,3,3,minor,0,10,4,2
31.6,7,8,4,minor,0,8,4,5
64.6,15,15,3,minor,1,7,3,11
90.5,11,9,2,moderate,0,11,2,6
60.9,9,10,4,minor,1,2,5,10
48.8,3,3,2,moderate,0,2,2,4
37.5,11,11,4,moderate,1,3,4,4
58.0,3,2,3,urgent,0,6,3,3
34.3,5,5,2,moderate,1,12,2,11
78.0,14,15,2,minor,1,7,3,12
31.1,9,9,4,minor,1,4,3,8
56.6,5,5,2,moderate,1,5,4,10
80.9,9,10,2,moderate,1,9,1,9
59.2,9,10,2,moderate,1,8,2,6
31.7,4,5,3,moderate,1,2,1,6
5.3,1,1,2,minor,0,5,5,7
21.8,4,4,3,minor,0,5,4,5
27.5,3,2,3,minor,0,6,4,8
67.4,14,14,4,minor,1,9,3,5
48.1,7,6,2,minor,0,12,3,12
46.2,11,9,4,urgent,1,1,5,8
19.3,5,6,3,minor,0,10,4,10
66.1,13,12,2,minor,1,9,4,1
6.5,3,3,3,minor,0,7,1,4
68.7,10,10,2,moderate,1,8,3,9
43.9,6,5,3,moderate,0,4,2,12
50.9,6,6,2,urgent,0,6,3,8
57.0,9,8,2,minor,1,8,1,1
51.4,8,8,3,moderate,0,2,3,6
20.4,2,2,4,minor,1,10,2,7
35.5,9,10,3,moderate,1,4,1,2
43.2,4,4,2,minor,0,6,3,6
62.6,9,11,2,minor,1,10,2,12
33.0,5,6,3,urgent,0,3,4,3
69.9,10,9,2,urgent,1,9,1,11
26.1,5,5,3,minor,0,11,2,4
27.9,4,4,2,minor,0,2,5,10
80.0,10,9,3,moderate,1,5,5,8
81.0,9,9,3,moderate,0,10,2,6
36.9,4,3,3,minor,0,5,3,3
68.9,10,9,2,moderate,1,7,3,6
43.5,10,10,3,moderate,1,6,5,7
43.1,7,8,3,minor,0,12,3,3
47.2,11,9,2,minor,1,4,2,11
22.7,5,4,2,minor,1,10,3,1
66.6,15,15,2,minor,1,12,5,7
45.7,7,7,2,moderate,0,8,5,11
36.0,7,8,3,moderate,1,2,3,10
14.5,2,0,4,moderate,0,9,1,4
32.6,10,10,3,minor,1,2,4,10
58.6,9,11,2,minor,1,9,5,5
49.3,4,3,2,minor,0,2,4,5
41.4,6,7,3,minor,0,12,4,12
40.3,3,2,2,minor,0,9,3,4
60.1,11,11,3,moderate,1,8,1,6
39.4,7,7,3,minor,1,11,4,3
22.3,5,5,2,minor,0,3,3,2
63.1,10,10,3,moderate,1,9,4,10
61.6,5,4,3,moderate,0,9,2,3
51.3,11,9,4,moderate,1,9,4,3
69.3,9,9,3,moderate,0,1,3,3
26.1,4,4,4,minor,0,7,2,9
88.7,13,13,3,minor,1,10,5,6
57.1,6,6,3,moderate,0,1,2,4
34.2,6,6,2,minor,0,12,4,2
25.2,8,8,4,minor,1,8,3,4
69.0,9,8,2,minor,0,3,2,10
64.8,10,10,2,moderate,1,4,1,1
64.4,13,13,3,minor,1,4,4,1
45.0,5,5,3,urgent,1,12,5,6
29.3,5,6,3,moderate,0,11,1,3
55.7,6,7,3,moderate,0,1,5,12
41.9,5,4,3,minor,0,11,3,10
48.9,7,7,3,moderate,0,1,3,11
18.2,8,9,4,moderate,0,8,5,6
27.9,5,4,3,minor,0,1,4,4
54.7,6,7,3,moderate,0,11,1,4
41.2,9,9,3,minor,1,6,2,11
68.9,5,4,2,urgent,0,1,5,7
69.2,6,5,2,minor,0,2,4,8
56.3,9,8,2,minor,0,3,4,3
87.1,8,9,2,urgent,0,9,4,11
60.2,7,7,2,moderate,0,12,1,5
19.4,3,3,2,moderate,0,4,2,12
46.0,8,8,3,minor,0,6,3,4
28.2,5,5,4,minor,0,5,4,5
31.2,11,13,4,minor,1,8,5,11
56.1,8,7,2,urgent,1,12,4,8
25.0,7,6,2,minor,1,11,1,10
39.5,8,8,2,minor,1,2,1,11
30.1,3,4,4,minor,0,11,1,11
47.0,7,7,3,minor,1,8,4,10
38.7,5,5,3,minor,0,1,5,12
59.2,9,9,2,minor,1,4,4,1
43.7,9,9,4,minor,1,10,4,10
67.2,11,12,3,minor,0,12,1,8
44.2,2,2,3,moderate,0,1,3,12
28.6,5,6,2,minor,1,9,5,2
49.4,6,4,3,moderate,0,12,2,6
90.0,12,12,3,minor,1,11,1,12
35.9,3,2,3,minor,1,2,5,10
12.8,2,1,3,minor,1,4,1,4
63.9,11,11,2,minor,1,11,5,4
38.6,3,0,2,minor,1,9,5,11
45.2,10,10,3,minor,1,8,4,8
5.0,4,5,4,moderate,0,4,4,1
70.5,15,15,3,minor,1,10,2,5
25.3,5,6,4,minor,0,3,5,5
65.0,11,11,2,minor,1,1,3,10
31.5,5,5,4,moderate,0,1,5,1
45.8,7,8,4,minor,1,1,4,6
107.1,8,8,2,urgent,0,2,2,2
70.3,7,7,3,moderate,0,6,5,11
5.0,2,2,4,minor,0,2,4,1
33.5,6,6,3,moderate,0,7,5,9
12.3,2,2,3,minor,0,3,4,12
37.8,7,7,2,minor,1,5,5,6
41.5,6,6,4,moderate,0,7,3,12
29.0,8,9,4,minor,1,3,2,5
15.0,5,6,4,moderate,1,8,1,1
63.5,13,12,3,minor,1,1,3,12
48.2,4,4,3,moderate,0,5,5,1
45.0,8,9,3,urgent,0,2,3,8
48.8,9,9,4,urgent,1,12,4,12
36.5,4,5,3,minor,0,4,3,5
50.9,8,8,2,moderate,0,3,1,2
62.8,11,11,4,minor,1,1,5,2
63.6,8,6,3,urgent,1,8,1,6
50.8,8,8,2,minor,0,3,4,10
88.6,19,18,3,minor,1,11,2,10
40.0,6,6,3,moderate,0,4,3,2
53.4,8,6,3,urgent,1,8,2,3
73.3,7,6,2,urgent,0,8,1,2
63.2,11,11,3,moderate,1,4,2,6
69.3,12,12,3,minor,1,8,3,9
68.0,10,10,4,urgent,1,12,3,9
57.1,13,14,4,urgent,1,4,3,6
39.8,4,4,3,minor,0,5,2,7
48.6,9,8,3,moderate,1,12,5,9
106.7,14,14,2,urgent,1,6,1,5
40.1,8,8,3,minor,1,11,3,10
34.2,7,7,3,moderate,1,8,1,6
43.8,10,9,2,minor,1,7,5,9
71.1,7,7,3,moderate,0,5,4,5
84.8,10,10,3,urgent,1,9,3,7
28.4,6,5,2,moderate,1,3,3,2
63.7,10,9,3,minor,1,4,1,1
40.1,4,4,2,minor,1,11,1,4
6.0,6,7,4,minor,0,8,3,3
54.2,5,4,2,moderate,0,2,4,10
24.5,4,4,3,moderate,1,3,4,9
70.3,9,9,2,moderate,1,1,3,9
62.5,9,9,4,urgent,0,2,3,10
34.7,5,4,3,moderate,0,3,4,4
55.7,12,13,2,minor,1,4,5,12
34.7,6,6,4,moderate,0,12,5,10
31.1,6,7,3,minor,1,12,2,9
55.3,8,7,3,moderate,0,3,2,1
90.8,12,12,2,minor,0,11,1,9
50.0,9,8,3,moderate,1,4,4,10
50.9,9,8,3,moderate,1,8,4,5
25.9,6,5,2,minor,1,4,5,9
56.9,11,11,2,minor,1,11,2,7
77.3,11,12,2,moderate,1,2,5,4
65.6,7,9,3,moderate,1,9,5,1
22.8,6,5,2,minor,1,2,3,9
43.6,7,6,4,minor,0,6,3,3
13.3,4,4,4,moderate,1,12,5,4
30.0,6,6,3,moderate,1,4,3,10
54.6,12,12,3,minor,1,2,1,2
34.4,9,9,4,moderate,1,2,4,4
65.1,10,9,2,minor,0,1,1,7
56.6,10,9,4,minor,1,12,4,3
19.4,3,3,4,minor,0,9,1,11
96.8,14,14,2,urgent,1,4,5,7
64.0,9,9,2,urgent,1,9,3,4
69.3,10,11,3,moderate,1,11,3,11
54.6,9,9,2,moderate,1,10,1,3
54.1,10,11,3,minor,1,6,1,5
28.4,3,3,3,moderate,0,8,4,4
58.2,12,11,3,minor,1,3,3,2
34.6,10,10,2,minor,1,11,1,8
56.5,6,5,4,urgent,0,4,5,5
74.6,6,6,2,urgent,0,4,5,1
69.1,11,10,3,urgent,1,4,5,11
37.2,7,8,4,moderate,1,12,1,4
31.5,7,8,3,minor,1,6,1,9
35.5,7,8,3,moderate,0,8,1,1
32.2,6,7,3,minor,1,12,1,7
47.7,0,2,3,urgent,0,8,3,3
66.1,9,10,4,urgent,0,4,1,5
50.6,8,8,2,minor,0,2,3,11
17.1,5,4,4,minor,0,7,5,9
56.9,12,12,4,minor,1,1,4,3
42.4,8,9,2,minor,1,2,3,11
48.9,9,10,3,minor,1,8,3,11
26.7,7,7,3,minor,0,10,2,1
38.5,4,4,2,moderate,1,8,2,4
34.2,10,10,4,minor,1,7,3,3
35.5,6,6,4,moderate,1,9,4,8
65.9,11,10,2,minor,0,6,1,2
35.1,6,6,3,minor,0,10,1,11
41.2,9,9,2,minor,1,4,4,8
32.5,7,8,2,minor,0,11,4,11
49.5,8,8,2,minor,1,6,5,7
35.2,7,6,3,minor,1,4,4,3
36.8,5,5,2,moderate,0,11,2,8
10.5,5,5,4,minor,0,2,3,11
65.5,4,6,2,moderate,0,1,5,12
72.1,12,13,2,minor,1,5,3,8
42.5,6,5,2,minor,0,9,3,7
73.7,10,10,3,urgent,1,3,4,12
99.9,15,14,3,minor,1,2,3,3
41.5,5,6,2,minor,0,4,4,1
43.1,4,5,3,urgent,1,12,5,8
75.2,7,7,2,moderate,0,3,4,11
5.0,2,1,4,minor,0,7,3,3
49.3,5,7,4,urgent,0,2,3,3
85.3,17,18,4,minor,1,5,5,3
59.3,6,4,2,moderate,0,9,5,6
75.2,14,12,3,minor,1,5,4,5
42.5,8,9,3,minor,0,5,4,9
70.8,7,6,4,urgent,1,4,3,6
57.5,11,10,2,minor,0,6,4,10
60.6,10,9,3,moderate,1,11,4,6
44.9,4,3,3,moderate,0,4,4,7
20.1,5,5,3,minor,0,1,1,4
46.5,9,10,3,minor,1,11,1,9
50.9,12,12,3,moderate,1,4,3,11
25.9,9,8,3,minor,1,5,2,3
57.7,10,10,2,minor,1,3,5,12
62.6,13,13,3,minor,1,11,4,12
56.1,8,8,4,moderate,0,9,2,2
38.5,5,5,3,minor,0,5,4,3
25.8,3,2,3,minor,0,8,5,5
13.6,2,3,3,moderate,0,5,2,10
62.2,8,7,2,urgent,0,11,1,3
74.4,8,8,4,urgent,1,3,1,3
14.3,5,3,3,minor,0,2,3,3
8.2,3,3,4,minor,0,11,4,5
33.1,4,3,2,minor,1,7,4,4
27.8,7,7,4,minor,0,9,1,9
45.6,8,9,4,minor,0,8,2,8
56.6,12,11,4,minor,1,8,5,5
51.1,4,5,2,moderate,0,5,2,5
56.4,10,10,3,minor,0,9,2,11
28.8,3,2,2,minor,0,11,1,6
37.3,4,4,3,moderate,0,9,2,2
15.7,2,3,4,minor,0,4,4,12
31.6,7,7,4,urgent,1,8,2,6
57.4,10,9,4,minor,0,4,5,11
57.8,9,10,3,moderate,1,4,5,12
52.3,9,10,3,moderate,0,5,3,8
61.2,12,11,3,moderate,1,10,5,9
42.0,8,9,3,minor,0,6,1,4
5.0,3,4,3,minor,1,9,2,2
16.3,4,4,3,minor,0,6,1,1
78.4,10,10,3,urgent,1,2,4,4
56.6,7,7,3,moderate,0,2,2,12
59.2,4,3,2,urgent,0,3,5,7
104.8,16,16,2,moderate,1,6,2,6
42.5,5,5,2,moderate,0,12,3,2
58.2,11,10,3,minor,1,2,4,1
82.1,12,11,3,moderate,1,4,3,4
51.8,7,8,4,urgent,0,9,3,7
19.5,0,0,3,minor,0,11,2,2
57.4,11,10,3,minor,1,1,1,9
30.0,6,5,3,moderate,0,8,4,4
23.6,3,3,4,minor,0,12,1,11
8.9,7,7,3,minor,1,3,4,1
5.0,1,1,4,minor,0,7,5,1
36.3,5,6,3,minor,0,8,2,6
61.7,8,9,2,urgent,0,2,1,8
63.2,7,8,3,moderate,1,3,5,7
39.0,3,4,3,moderate,0,5,5,3
57.6,9,10,3,minor,1,9,1,9
43.3,4,3,2,minor,0,5,3,4
81.8,8,8,3,urgent,1,7,5,2
18.6,0,0,2,moderate,0,11,5,4
80.7,12,11,3,urgent,1,6,3,1
52.0,9,8,4,minor,0,3,5,11
50.6,9,8,4,moderate,0,8,2,1
63.0,7,7,2,urgent,1,4,2,6
32.2,6,6,3,moderate,0,8,1,1
22.5,8,8,3,minor,1,3,4,1
49.1,10,10,3,moderate,0,3,2,11
31.8,7,8,2,moderate,1,3,4,12
37.7,5,6,3,moderate,0,9,5,11
46.0,5,5,3,urgent,1,12,5,10
47.3,12,12,3,minor,1,12,4,10
61.6,5,6,2,moderate,0,11,2,3
61.8,7,6,3,urgent,1,9,1,5
39.2,11,10,3,minor,1,8,1,4
56.3,12,11,4,minor,1,4,3,10
25.8,11,11,4,minor,1,4,3,9
60.0,7,7,3,moderate,0,5,3,6
73.4,12,12,4,urgent,1,12,3,4
50.8,7,7,3,moderate,0,6,2,7
87.4,12,12,3,moderate,1,2,1,6
43.5,6,6,3,minor,0,8,4,6
38.1,7,8,4,minor,0,11,5,3
57.1,7,8,2,moderate,0,7,3,2
64.2,12,12,3,moderate,1,7,5,11
43.0,8,9,3,minor,1,10,3,10
58.8,8,8,2,minor,0,2,5,1
55.5,10,9,3,minor,0,12,3,4
45.4,7,6,3,minor,0,11,4,2
61.1,8,9,4,minor,1,6,5,9
73.1,10,9,3,moderate,1,6,5,2
51.9,11,10,3,minor,1,5,1,9
77.4,9,11,3,urgent,0,6,5,10
43.0,6,7,2,moderate,0,2,3,1
12.0,3,3,2,minor,0,6,4,10
83.3,15,16,2,moderate,1,6,5,1
46.9,9,10,3,moderate,1,3,5,12
50.5,7,8,3,urgent,0,10,2,11
39.9,7,8,3,moderate,0,7,1,7
35.6,7,7,3,minor,0,4,2,3
42.9,8,7,3,moderate,1,3,5,5
41.3,6,7,3,moderate,0,10,1,2
45.6,5,4,3,minor,1,11,1,7
35.0,6,6,2,minor,0,10,1,3
33.5,7,8,3,minor,0,6,3,10
70.3,13,11,2,minor,1,9,2,4
50.9,5,5,2,minor,0,5,1,10
49.9,10,11,3,minor,1,8,5,8
52.4,11,10,3,minor,1,6,5,4
51.9,9,10,4,minor,1,1,4,1
32.0,3,4,2,minor,0,7,3,5
52.6,11,10,4,moderate,1,9,5,9
47.4,7,8,4,moderate,1,10,2,5
90.8,14,14,2,minor,1,5,5,9
5.0,2,1,4,minor,0,7,3,6
54.0,9,11,3,moderate,1,2,4,9
71.0,8,8,3,moderate,0,10,4,12
36.6,5,4,2,moderate,0,12,4,7
23.0,1,1,2,minor,0,6,3,11
78.3,11,11,3,moderate,1,6,4,1
62.2,11,12,2,minor,1,5,3,12
49.6,12,12,2,minor,1,3,3,8
25.6,7,8,3,minor,1,8,3,8
27.1,8,7,4,moderate,1,9,4,10
47.8,8,8,3,minor,0,5,3,1
33.7,3,2,4,moderate,0,12,4,5
36.8,5,7,2,moderate,0,3,4,5
54.9,7,7,4,minor,0,5,2,3
27.4,4,3,2,minor,0,10,4,5
43.6,7,7,3,moderate,0,8,3,6
66.0,6,6,4,urgent,0,12,5,11
93.4,11,10,4,moderate,0,1,3,8
24.5,5,4,4,moderate,1,4,1,4
80.0,11,10,3,moderate,0,8,1,8
63.8,9,9,2,urgent,1,2,4,5
32.4,8,6,3,minor,1,8,4,11
63.1,9,9,3,minor,1,2,3,11
24.4,5,6,3,moderate,0,3,4,5
33.5,5,6,3,minor,0,10,2,6
23.2,2,2,3,minor,0,12,5,11
83.2,15,16,2,minor,1,10,5,10
37.0,4,5,4,moderate,0,7,5,6
47.1,6,6,2,minor,1,11,1,7
56.4,8,9,2,minor,1,11,4,8
54.9,8,9,2,minor,0,12,4,7
64.4,7,7,2,minor,0,2,5,12
51.0,8,9,3,moderate,1,3,5,11
52.3,11,11,4,moderate,1,6,2,12
81.8,14,14,4,minor,1,6,1,11
38.8,7,7,3,minor,1,5,1,4
39.3,3,2,2,moderate,0,11,4,12
51.2,9,9,3,urgent,1,9,2,5
45.5,4,4,2,moderate,0,7,5,12
53.2,10,12,3,moderate,1,4,5,9
23.6,4,3,4,minor,1,9,3,7
55.4,6,6,3,minor,1,12,3,5
63.4,9,9,4,moderate,1,10,4,10
46.9,7,9,3,urgent,0,10,4,3
64.1,7,6,3,urgent,1,4,3,12
59.3,4,4,2,moderate,0,11,1,11
79.7,14,14,2,urgent,1,11,3,11
78.3,9,9,2,moderate,1,12,1,2
48.0,6,5,3,moderate,0,4,5,2
75.8,13,13,4,moderate,1,4,4,7
27.5,5,6,4,moderate,0,5,3,5
21.1,1,0,3,minor,0,3,2,7
41.4,2,1,3,urgent,0,6,2,6
52.6,1,1,2,moderate,0,7,2,8
55.2,9,10,3,moderate,1,5,4,9
30.4,6,6,4,minor,0,10,4,8
38.5,10,10,4,minor,1,8,3,3
10.0,5,5,4,minor,1,8,5,1
47.4,3,2,2,minor,0,4,5,11
90.3,11,13,2,urgent,1,8,1,3
43.4,3,3,2,moderate,0,9,2,3
35.8,6,6,3,minor,1,8,5,11
52.1,7,6,3,urgent,1,7,2,9
37.9,1,2,2,moderate,0,8,2,2
35.4,8,9,3,moderate,0,1,5,9
68.0,11,10,4,moderate,1,12,4,11
20.1,2,1,4,minor,1,9,3,10
48.4,1,1,2,urgent,0,6,3,1
42.4,7,7,4,minor,0,11,5,8
34.9,9,8,3,minor,1,9,4,1
41.9,8,7,3,moderate,1,5,4,1
34.3,9,10,3,moderate,1,8,3,4
40.6,8,9,2,moderate,0,1,5,8
18.1,9,9,4,minor,0,11,2,2
51.8,6,6,2,moderate,0,10,4,5
39.6,4,3,3,moderate,0,1,1,2
23.8,7,6,3,minor,1,4,1,6
12.9,7,7,4,minor,1,9,5,1
90.4,13,14,4,urgent,1,11,1,8
78.1,8,7,3,urgent,0,11,1,3
55.6,9,9,3,moderate,1,10,1,3
41.6,7,7,2,minor,0,8,2,12
22.3,8,8,4,moderate,1,1,4,4
71.7,9,9,4,moderate,1,1,1,1
29.7,5,5,2,minor,0,12,5,7
38.1,7,7,3,minor,1,11,4,7
47.6,9,10,3,minor,0,5,5,1
78.1,15,16,4,minor,1,10,4,12
39.9,5,4,2,minor,0,8,4,11
58.5,12,12,3,minor,1,2,4,3
65.2,8,9,2,minor,1,2,1,3
5.0,4,6,4,minor,1,10,2,1
24.6,8,8,3,minor,1,12,5,4
64.3,10,10,3,moderate,1,9,5,6
80.0,5,6,2,urgent,0,5,3,2
42.4,10,8,4,minor,1,10,5,2
57.3,7,6,2,moderate,0,4,5,12
120.2,14,13,2,urgent,1,7,2,9
38.5,4,4,3,urgent,0,12,1,9
28.9,6,6,3,minor,0,5,3,6
41.7,9,9,4,minor,1,9,4,9
56.8,6,6,3,moderate,1,5,4,12
62.0,12,12,3,moderate,1,5,4,5
73.2,9,8,3,moderate,1,6,3,8
32.4,7,7,4,moderate,1,3,1,3
75.5,11,10,3,moderate,0,6,1,3
53.0,5,4,4,urgent,1,1,1,2
43.8,9,9,4,moderate,1,9,4,8
72.4,8,9,2,urgent,1,6,1,9
57.7,9,9,4,minor,1,9,5,6
42.1,6,7,4,minor,0,11,4,9
54.1,9,9,3,moderate,1,7,5,2
49.2,4,4,4,moderate,0,5,1,8
64.5,12,12,3,minor,1,12,5,11
24.5,4,4,3,minor,0,7,2,10
33.4,10,11,3,minor,1,1,2,12
31.4,9,10,3,minor,1,8,3,2
18.8,3,4,3,minor,0,2,4,5
50.6,8,7,2,minor,1,4,2,7
87.9,15,15,2,moderate,1,6,5,2
61.1,11,11,3,minor,0,3,1,10
77.2,9,9,2,urgent,1,4,1,3
57.6,8,7,2,minor,1,11,1,11
59.0,9,9,3,moderate,1,2,4,3
71.9,7,7,2,moderate,0,8,1,3
52.2,6,7,4,moderate,1,8,2,11
86.1,12,11,3,moderate,1,9,4,10
36.7,2,2,4,urgent,0,2,3,7
57.0,14,13,3,minor,1,6,3,10
60.4,7,8,4,moderate,0,9,2,8
58.1,6,5,2,moderate,0,6,5,11
87.4,12,11,2,moderate,1,9,4,4
44.1,9,10,4,moderate,1,5,3,8
46.8,10,10,3,moderate,0,11,1,10
54.2,9,9,4,minor,1,1,1,6
62.9,10,11,3,minor,1,6,1,6
28.5,3,3,3,moderate,0,3,1,6
73.1,11,11,2,moderate,1,1,3,8
77.2,14,14,3,minor,1,2,1,12
71.6,10,9,2,moderate,0,5,3,6
60.1,8,8,3,minor,0,9,5,5
38.1,8,8,2,minor,0,4,3,9
48.0,9,9,3,moderate,1,8,5,2
68.7,6,6,3,moderate,0,7,5,12
45.4,9,9,3,minor,1,5,4,10
55.5,12,13,4,minor,1,8,1,5
92.1,11,10,2,urgent,1,11,2,11
72.0,7,8,3,moderate,0,12,4,6
32.5,8,9,3,minor,0,4,4,4
40.6,7,9,2,minor,1,11,1,3
32.1,3,4,2,minor,0,11,2,7
49.7,10,10,3,minor,1,3,4,9
41.7,9,8,3,minor,1,7,3,10
64.2,5,5,3,moderate,1,3,1,3
53.3,5,6,2,moderate,0,4,5,8
61.7,9,9,3,moderate,1,6,4,1
37.7,6,5,4,minor,0,3,1,4
23.2,7,8,3,minor,1,3,2,3
63.8,7,7,3,minor,0,4,4,9
